outcome,estimate,p.value
Age (days),-1.28571428571428,0.960949212580509
Peak,0.194571428571427,0.587840450676147
Expansions days,-6.85714285714284,0.771667027326623
Transition days,3.71428571428571,0.817260167991704
Clearance days,-97,0.218800833423307
